request_id,click_timestamp
req001921,2025-08-20 10:32:10
req008155,2025-08-20 12:16:41
req008630,2025-08-20 12:23:58
req000055,2025-08-20 10:01:46
req008101,2025-08-20 12:15:15
req000135,2025-08-20 10:02:23
req009019,2025-08-20 12:30:31
req003509,2025-08-20 10:58:55
req003173,2025-08-20 10:53:07
req001493,2025-08-20 10:25:11
req006093,2025-08-20 11:42:01
req005830,2025-08-20 11:37:30
req000178,2025-08-20 10:03:51
req001540,2025-08-20 10:26:36
req002789,2025-08-20 10:46:58
req000912,2025-08-20 10:15:29
req007215,2025-08-20 12:00:57
req003187,2025-08-20 10:54:05
req005966,2025-08-20 11:40:17
req008791,2025-08-20 12:26:43
req008075,2025-08-20 12:15:05
req008508,2025-08-20 12:22:26
req005711,2025-08-20 11:35:41
req001377,2025-08-20 10:23:53
req005718,2025-08-20 11:35:37
req002932,2025-08-20 10:49:17
req004078,2025-08-20 11:08:31
req009084,2025-08-20 12:31:53
req002529,2025-08-20 10:42:51
req009458,2025-08-20 12:38:20
req001653,2025-08-20 10:28:28
req008136,2025-08-20 12:16:12
req005172,2025-08-20 11:26:55
req004008,2025-08-20 11:06:52
req009382,2025-08-20 12:36:37
req002012,2025-08-20 10:33:52
req006872,2025-08-20 11:55:00
req000319,2025-08-20 10:05:51
req004401,2025-08-20 11:14:06
req008478,2025-08-20 12:21:49
req001550,2025-08-20 10:26:12
req003078,2025-08-20 10:52:02
req003230,2025-08-20 10:54:03
req008892,2025-08-20 12:28:26
req002054,2025-08-20 10:34:27
req009732,2025-08-20 12:42:45
req006965,2025-08-20 11:56:57
req003299,2025-08-20 10:55:09
req000760,2025-08-20 10:12:48
req006883,2025-08-20 11:55:14
req004242,2025-08-20 11:11:05
req006367,2025-08-20 11:46:42
req008375,2025-08-20 12:19:50
req008839,2025-08-20 12:27:27
req000577,2025-08-20 10:10:10
req005826,2025-08-20 11:37:42
req000343,2025-08-20 10:05:56
req003141,2025-08-20 10:53:03
req003845,2025-08-20 11:04:35
req002702,2025-08-20 10:45:17
req009914,2025-08-20 12:45:19
req001078,2025-08-20 10:18:31
req008510,2025-08-20 12:22:34
req006514,2025-08-20 11:48:42
req006867,2025-08-20 11:55:07
req000710,2025-08-20 10:12:07
req008401,2025-08-20 12:20:55
req008307,2025-08-20 12:18:56
req006290,2025-08-20 11:45:43
req001756,2025-08-20 10:29:27
req006852,2025-08-20 11:54:46
req005620,2025-08-20 11:33:46
req002502,2025-08-20 10:42:13
req000672,2025-08-20 10:11:29
req000623,2025-08-20 10:10:37
req007265,2025-08-20 12:01:37
req008549,2025-08-20 12:23:12
req002400,2025-08-20 10:40:57
req009094,2025-08-20 12:31:49
req006364,2025-08-20 11:46:50
req002598,2025-08-20 10:43:30
req006386,2025-08-20 11:47:05
req008111,2025-08-20 12:15:33
req003801,2025-08-20 11:03:31
req006480,2025-08-20 11:48:20
req000332,2025-08-20 10:06:23
req009835,2025-08-20 12:44:49
req009842,2025-08-20 12:44:28
req007113,2025-08-20 11:58:48
req002394,2025-08-20 10:40:04
req003122,2025-08-20 10:52:30
req002726,2025-08-20 10:45:43
req001489,2025-08-20 10:25:23
req003300,2025-08-20 10:55:28
req001336,2025-08-20 10:22:30
req006114,2025-08-20 11:42:08
req002313,2025-08-20 10:38:43
req005951,2025-08-20 11:39:57
req001062,2025-08-20 10:17:48
req008274,2025-08-20 12:18:12
req009070,2025-08-20 12:31:16
req006335,2025-08-20 11:46:31
req000998,2025-08-20 10:17:22
req005104,2025-08-20 11:25:24
req002542,2025-08-20 10:43:14
req004211,2025-08-20 11:10:58
req001071,2025-08-20 10:18:01
req008555,2025-08-20 12:22:49
req001498,2025-08-20 10:25:47
req001983,2025-08-20 10:33:26
req004828,2025-08-20 11:20:32
req004808,2025-08-20 11:20:43
req002796,2025-08-20 10:47:17
req009176,2025-08-20 12:33:53
req006662,2025-08-20 11:51:26
req009006,2025-08-20 12:30:40
req008993,2025-08-20 12:30:13
req000537,2025-08-20 10:09:25
req001937,2025-08-20 10:33:01
req000324,2025-08-20 10:06:00
req002057,2025-08-20 10:34:32
req004377,2025-08-20 11:13:52
req005852,2025-08-20 11:38:03
req004718,2025-08-20 11:19:30
req008403,2025-08-20 12:20:32
req005030,2025-08-20 11:24:29
req009943,2025-08-20 12:46:41
req000108,2025-08-20 10:01:59
req002116,2025-08-20 10:35:51
req000367,2025-08-20 10:07:01
req005918,2025-08-20 11:39:32
req004362,2025-08-20 11:13:11
req009393,2025-08-20 12:36:41
req003917,2025-08-20 11:06:03
req005126,2025-08-20 11:26:07
req006382,2025-08-20 11:46:38
req002934,2025-08-20 10:49:16
req009138,2025-08-20 12:32:27
req003961,2025-08-20 11:06:59
req003655,2025-08-20 11:01:43
req000671,2025-08-20 10:11:20
req004264,2025-08-20 11:11:23
req000558,2025-08-20 10:10:15
req008896,2025-08-20 12:28:48
req001669,2025-08-20 10:28:10
req006140,2025-08-20 11:42:55
req008824,2025-08-20 12:27:36
req005423,2025-08-20 11:31:09
req009362,2025-08-20 12:36:57
req004109,2025-08-20 11:08:49
req008025,2025-08-20 12:14:30
req000621,2025-08-20 10:11:12
req003584,2025-08-20 10:59:52
req006603,2025-08-20 11:50:38
req009317,2025-08-20 12:35:49
req005823,2025-08-20 11:37:35
req005084,2025-08-20 11:25:29
req003329,2025-08-20 10:55:35
req002957,2025-08-20 10:50:11
req007544,2025-08-20 12:05:51
req002878,2025-08-20 10:48:45
req008169,2025-08-20 12:16:37
req004903,2025-08-20 11:22:08
req004032,2025-08-20 11:07:57
req007767,2025-08-20 12:09:41
req002710,2025-08-20 10:45:21
req005912,2025-08-20 11:39:02
req007811,2025-08-20 12:10:58
req002078,2025-08-20 10:35:27
req009931,2025-08-20 12:46:27
req002661,2025-08-20 10:44:46
req000243,2025-08-20 10:04:09
req003656,2025-08-20 11:01:26
req004400,2025-08-20 11:13:34
req007383,2025-08-20 12:03:33
req002223,2025-08-20 10:37:13
req001414,2025-08-20 10:24:04
req004454,2025-08-20 11:15:04
req004567,2025-08-20 11:16:21
req004632,2025-08-20 11:17:40
req007598,2025-08-20 12:07:20
req003337,2025-08-20 10:56:31
req002723,2025-08-20 10:45:42
req005040,2025-08-20 11:24:24
req001053,2025-08-20 10:18:02
req002238,2025-08-20 10:37:48
req005446,2025-08-20 11:31:40
req008470,2025-08-20 12:21:58
req005727,2025-08-20 11:36:23
req006527,2025-08-20 11:49:07
req000702,2025-08-20 10:12:16
req003330,2025-08-20 10:55:47
req003144,2025-08-20 10:52:50
req009694,2025-08-20 12:41:39
req002499,2025-08-20 10:42:08
req000765,2025-08-20 10:13:14
req005765,2025-08-20 11:36:30
req009924,2025-08-20 12:46:09
req003491,2025-08-20 10:58:42
req006198,2025-08-20 11:43:27
req004446,2025-08-20 11:14:57
req004177,2025-08-20 11:10:19
req003002,2025-08-20 10:50:24
req002046,2025-08-20 10:34:30
req008322,2025-08-20 12:19:27
req007429,2025-08-20 12:04:12
req005922,2025-08-20 11:39:16
req002378,2025-08-20 10:40:08
req009306,2025-08-20 12:35:24
req003165,2025-08-20 10:53:32
req003745,2025-08-20 11:02:59
req005312,2025-08-20 11:28:44
req001499,2025-08-20 10:25:52
req002415,2025-08-20 10:40:35
req008302,2025-08-20 12:18:44
req009086,2025-08-20 12:32:01
req004735,2025-08-20 11:19:08
req003807,2025-08-20 11:04:10
req005578,2025-08-20 11:33:53
req001051,2025-08-20 10:17:39
req001516,2025-08-20 10:25:32
req006900,2025-08-20 11:55:56
req000302,2025-08-20 10:05:32
req000770,2025-08-20 10:12:55
req004227,2025-08-20 11:10:31
req007850,2025-08-20 12:11:01
req007433,2025-08-20 12:04:06
req007309,2025-08-20 12:02:20
req001690,2025-08-20 10:28:18
req003314,2025-08-20 10:56:07
req005022,2025-08-20 11:24:40
req002059,2025-08-20 10:34:24
req008786,2025-08-20 12:27:23
req001201,2025-08-20 10:20:45
req006365,2025-08-20 11:46:56
req000255,2025-08-20 10:05:10
req009763,2025-08-20 12:43:39
req004014,2025-08-20 11:07:14
req001514,2025-08-20 10:26:05
req009608,2025-08-20 12:40:44
req008133,2025-08-20 12:16:01
req009555,2025-08-20 12:39:23
req002591,2025-08-20 10:43:42
req001019,2025-08-20 10:17:53
req005677,2025-08-20 11:34:58
req000771,2025-08-20 10:13:17
req001050,2025-08-20 10:18:25
req003335,2025-08-20 10:56:13
req001440,2025-08-20 10:24:21
req000069,2025-08-20 10:01:23
req000232,2025-08-20 10:04:38
req000720,2025-08-20 10:12:46
req009550,2025-08-20 12:39:23
req003539,2025-08-20 10:59:12
req009574,2025-08-20 12:40:13
req008840,2025-08-20 12:27:32
req008052,2025-08-20 12:14:57
req003296,2025-08-20 10:55:12
req002697,2025-08-20 10:45:23
req009589,2025-08-20 12:39:53
req009497,2025-08-20 12:38:36
req005965,2025-08-20 11:39:47
req002845,2025-08-20 10:47:40
req008707,2025-08-20 12:25:15
req002283,2025-08-20 10:39:01
req002255,2025-08-20 10:37:43
req002458,2025-08-20 10:41:08
req000246,2025-08-20 10:04:53
req007198,2025-08-20 12:00:15
req007786,2025-08-20 12:10:22
req003663,2025-08-20 11:01:12
req003692,2025-08-20 11:01:53
req007891,2025-08-20 12:11:40
req005315,2025-08-20 11:29:29
req002495,2025-08-20 10:42:08
req008677,2025-08-20 12:24:52
req004791,2025-08-20 11:20:44
req001647,2025-08-20 10:28:05
req000231,2025-08-20 10:04:05
req001492,2025-08-20 10:24:59
req008728,2025-08-20 12:25:44
req004726,2025-08-20 11:18:50
req004902,2025-08-20 11:22:37
req005568,2025-08-20 11:33:29
req004973,2025-08-20 11:23:49
req005193,2025-08-20 11:27:05
req004587,2025-08-20 11:16:44
req008526,2025-08-20 12:22:30
req008517,2025-08-20 12:22:41
req005020,2025-08-20 11:24:14
req006967,2025-08-20 11:56:51
req001009,2025-08-20 10:16:59
req006955,2025-08-20 11:56:13
req007107,2025-08-20 11:59:12
req009171,2025-08-20 12:33:03
req008068,2025-08-20 12:15:00
req004142,2025-08-20 11:09:29
req006148,2025-08-20 11:42:46
req006285,2025-08-20 11:45:09
req008080,2025-08-20 12:15:24
req006949,2025-08-20 11:56:16
req007157,2025-08-20 11:59:27
req009840,2025-08-20 12:44:27
req004344,2025-08-20 11:12:50
req007204,2025-08-20 12:00:32
req008798,2025-08-20 12:26:49
req005137,2025-08-20 11:26:14
req008253,2025-08-20 12:18:11
req001093,2025-08-20 10:19:10
req006186,2025-08-20 11:43:31
req001898,2025-08-20 10:32:36
req008875,2025-08-20 12:28:32
req005946,2025-08-20 11:39:37
req005437,2025-08-20 11:30:41
req001433,2025-08-20 10:24:40
req009919,2025-08-20 12:45:59
req005531,2025-08-20 11:32:44
req007124,2025-08-20 11:59:37
req001243,2025-08-20 10:21:11
req000129,2025-08-20 10:03:03
req002343,2025-08-20 10:39:08
req005743,2025-08-20 11:36:14
req008807,2025-08-20 12:27:38
req007214,2025-08-20 12:00:45
req000657,2025-08-20 10:11:23
req001521,2025-08-20 10:26:02
req004169,2025-08-20 11:09:56
req004948,2025-08-20 11:23:06
req001945,2025-08-20 10:32:36
req002143,2025-08-20 10:36:22
req002860,2025-08-20 10:48:01
req001191,2025-08-20 10:20:14
req004564,2025-08-20 11:16:11
req008381,2025-08-20 12:19:52
req005443,2025-08-20 11:31:12
req001164,2025-08-20 10:20:06
req005662,2025-08-20 11:34:45
req002484,2025-08-20 10:41:45
req007271,2025-08-20 12:01:47
req006238,2025-08-20 11:44:19
req000678,2025-08-20 10:11:55
req005896,2025-08-20 11:38:38
req003885,2025-08-20 11:05:30
req004850,2025-08-20 11:21:46
req001830,2025-08-20 10:31:06
req008355,2025-08-20 12:19:39
req008936,2025-08-20 12:29:06
req003018,2025-08-20 10:50:35
req002741,2025-08-20 10:46:17
req004924,2025-08-20 11:22:11
req004950,2025-08-20 11:23:16
req008463,2025-08-20 12:21:08
req007251,2025-08-20 12:01:34
req003107,2025-08-20 10:52:40
req009421,2025-08-20 12:37:35
req002853,2025-08-20 10:48:25
req009912,2025-08-20 12:46:01
req001328,2025-08-20 10:22:41
req007063,2025-08-20 11:58:36
req009927,2025-08-20 12:45:40
req002798,2025-08-20 10:47:33
req003080,2025-08-20 10:51:44
req003704,2025-08-20 11:02:37
req002936,2025-08-20 10:49:51
req003651,2025-08-20 11:01:17
req006298,2025-08-20 11:45:38
req007839,2025-08-20 12:10:50
req007012,2025-08-20 11:57:05
req000085,2025-08-20 10:01:53
req008681,2025-08-20 12:25:17
req005141,2025-08-20 11:26:01
req001582,2025-08-20 10:27:16
req005088,2025-08-20 11:25:15
req005929,2025-08-20 11:39:41
req008920,2025-08-20 12:29:25
req007782,2025-08-20 12:10:35
req002669,2025-08-20 10:45:02
req003851,2025-08-20 11:04:15
req002236,2025-08-20 10:37:36
req005612,2025-08-20 11:34:03
req000032,2025-08-20 10:00:48
req004918,2025-08-20 11:22:11
req005474,2025-08-20 11:31:18
req006854,2025-08-20 11:54:37
req002095,2025-08-20 10:35:05
req009419,2025-08-20 12:37:34
req006619,2025-08-20 11:50:43
req005714,2025-08-20 11:35:43
req003171,2025-08-20 10:53:39
req000962,2025-08-20 10:16:58
req002582,2025-08-20 10:43:12
req002870,2025-08-20 10:48:31
req009967,2025-08-20 12:47:04
req001634,2025-08-20 10:28:02
req004963,2025-08-20 11:23:26
req005862,2025-08-20 11:38:33
req001717,2025-08-20 10:29:21
req000614,2025-08-20 10:11:02
req009986,2025-08-20 12:46:56
req002745,2025-08-20 10:46:22
req004911,2025-08-20 11:22:06
req009995,2025-08-20 12:46:50
req000345,2025-08-20 10:06:03
req006208,2025-08-20 11:43:51
req008282,2025-08-20 12:18:15
req003648,2025-08-20 11:01:37
req004927,2025-08-20 11:22:36
req004784,2025-08-20 11:20:04
req003241,2025-08-20 10:54:14
req007395,2025-08-20 12:03:29
req001976,2025-08-20 10:33:16
req002395,2025-08-20 10:40:09
req002365,2025-08-20 10:39:43
req003503,2025-08-20 10:58:30
req000834,2025-08-20 10:14:22
req006820,2025-08-20 11:54:19
req001547,2025-08-20 10:26:43
req000316,2025-08-20 10:06:06
req001564,2025-08-20 10:26:38
req006760,2025-08-20 11:53:29
req002350,2025-08-20 10:39:42
req006937,2025-08-20 11:56:11
req000887,2025-08-20 10:14:59
req007917,2025-08-20 12:12:48
req009332,2025-08-20 12:35:36
req008601,2025-08-20 12:23:27
req000792,2025-08-20 10:13:19
req009530,2025-08-20 12:39:12
req003661,2025-08-20 11:01:45
req005561,2025-08-20 11:33:06
req001681,2025-08-20 10:28:55
req005385,2025-08-20 11:29:56
req009884,2025-08-20 12:45:12
req001556,2025-08-20 10:26:03
req008257,2025-08-20 12:18:25
req003334,2025-08-20 10:56:30
req000048,2025-08-20 10:01:42
req000816,2025-08-20 10:13:53
req001319,2025-08-20 10:22:07
req009224,2025-08-20 12:34:37
req003805,2025-08-20 11:04:18
req009244,2025-08-20 12:34:36
req008329,2025-08-20 12:19:13
req003075,2025-08-20 10:51:33
req008164,2025-08-20 12:16:30
req003057,2025-08-20 10:51:17
req003945,2025-08-20 11:05:51
req009911,2025-08-20 12:45:47
req005345,2025-08-20 11:29:58
req007048,2025-08-20 11:58:25
req000030,2025-08-20 10:01:00
req000130,2025-08-20 10:02:29
req006645,2025-08-20 11:50:54
req003251,2025-08-20 10:54:55
req001484,2025-08-20 10:25:41
req000219,2025-08-20 10:03:52
req003872,2025-08-20 11:05:29
req003602,2025-08-20 11:00:34
req001979,2025-08-20 10:33:19
req008561,2025-08-20 12:23:23
req000447,2025-08-20 10:08:16
req002791,2025-08-20 10:46:48
req003861,2025-08-20 11:04:36
req002829,2025-08-20 10:47:50
req008059,2025-08-20 12:14:51
req000451,2025-08-20 10:07:48
req001467,2025-08-20 10:24:38
req003771,2025-08-20 11:03:43
req005958,2025-08-20 11:40:01
req006258,2025-08-20 11:45:01
req005424,2025-08-20 11:30:44
req003926,2025-08-20 11:06:12
req005614,2025-08-20 11:34:16
req002227,2025-08-20 10:37:33
req000641,2025-08-20 10:10:51
req008584,2025-08-20 12:23:19
req006987,2025-08-20 11:56:46
req007236,2025-08-20 12:00:52
req000676,2025-08-20 10:12:06
req000109,2025-08-20 10:02:11
req002753,2025-08-20 10:45:59
req005354,2025-08-20 11:30:00
req005686,2025-08-20 11:34:57
req002828,2025-08-20 10:47:51
req008237,2025-08-20 12:17:32
req005584,2025-08-20 11:33:38
req006309,2025-08-20 11:45:47
req005904,2025-08-20 11:38:47
req007603,2025-08-20 12:07:14
req008308,2025-08-20 12:18:33
req001541,2025-08-20 10:26:11
req009452,2025-08-20 12:37:38
req006559,2025-08-20 11:50:10
req006784,2025-08-20 11:53:28
req009117,2025-08-20 12:32:51
req007760,2025-08-20 12:10:15
req004877,2025-08-20 11:21:27
req004826,2025-08-20 11:21:20
req009875,2025-08-20 12:45:11
req002257,2025-08-20 10:38:25
req003703,2025-08-20 11:02:32
req006655,2025-08-20 11:51:31
req009102,2025-08-20 12:32:21
req008483,2025-08-20 12:21:43
req000127,2025-08-20 10:02:16
req006293,2025-08-20 11:45:48
req008758,2025-08-20 12:26:22
req005497,2025-08-20 11:32:18
req004383,2025-08-20 11:13:40
req008017,2025-08-20 12:14:29
req009292,2025-08-20 12:35:43
req008882,2025-08-20 12:28:17
req005206,2025-08-20 11:27:01
req009582,2025-08-20 12:40:03
req004273,2025-08-20 11:12:04
req000681,2025-08-20 10:11:30
req000844,2025-08-20 10:14:20
req007062,2025-08-20 11:58:16
req006022,2025-08-20 11:40:50
req007785,2025-08-20 12:10:36
req002481,2025-08-20 10:41:48
req002494,2025-08-20 10:42:19
req000759,2025-08-20 10:12:53
req009611,2025-08-20 12:40:47
req002288,2025-08-20 10:38:32
req004173,2025-08-20 11:10:15
req003684,2025-08-20 11:01:51
req006313,2025-08-20 11:46:11
req000693,2025-08-20 10:12:25
req009216,2025-08-20 12:34:23
req004088,2025-08-20 11:09:03
req005651,2025-08-20 11:34:34
req001490,2025-08-20 10:25:40
req008009,2025-08-20 12:13:41
req008353,2025-08-20 12:19:47
req000469,2025-08-20 10:08:20
req001092,2025-08-20 10:19:09
req002943,2025-08-20 10:49:44
req002571,2025-08-20 10:42:59
req000039,2025-08-20 10:01:19
req000973,2025-08-20 10:16:57
req006516,2025-08-20 11:49:13
req004405,2025-08-20 11:13:38
req002003,2025-08-20 10:33:58
req008392,2025-08-20 12:20:32
req006327,2025-08-20 11:45:47
req009761,2025-08-20 12:43:37
req008055,2025-08-20 12:14:54
req002586,2025-08-20 10:43:45
req005684,2025-08-20 11:35:00
req008088,2025-08-20 12:15:11
req002033,2025-08-20 10:34:47
req008729,2025-08-20 12:26:10
req001839,2025-08-20 10:31:01
req008262,2025-08-20 12:18:07
req007466,2025-08-20 12:04:45
req002038,2025-08-20 10:34:07
req004548,2025-08-20 11:16:02
req003417,2025-08-20 10:57:10
req005431,2025-08-20 11:31:05
req005481,2025-08-20 11:31:42
req002609,2025-08-20 10:44:04
req003236,2025-08-20 10:54:40
req003311,2025-08-20 10:55:56
req002639,2025-08-20 10:44:49
req004500,2025-08-20 11:15:27
req002445,2025-08-20 10:41:34
req002259,2025-08-20 10:37:58
req002311,2025-08-20 10:39:03
req006271,2025-08-20 11:45:13
req000533,2025-08-20 10:09:21
req007480,2025-08-20 12:05:23
req007202,2025-08-20 12:00:30
req000276,2025-08-20 10:05:19
req006217,2025-08-20 11:44:25
req008294,2025-08-20 12:18:36
req008687,2025-08-20 12:25:00
req003061,2025-08-20 10:51:05
req001083,2025-08-20 10:18:33
req006038,2025-08-20 11:41:03
req009743,2025-08-20 12:42:54
req005583,2025-08-20 11:33:54
req001722,2025-08-20 10:29:20
req002416,2025-08-20 10:40:22
req004026,2025-08-20 11:07:47
req003871,2025-08-20 11:05:00
req004872,2025-08-20 11:21:59
req003263,2025-08-20 10:54:31
req006229,2025-08-20 11:44:40
req008514,2025-08-20 12:22:46
req003567,2025-08-20 10:59:40
req007574,2025-08-20 12:06:24
req006828,2025-08-20 11:54:21
req007298,2025-08-20 12:02:06
req004025,2025-08-20 11:07:50
req009624,2025-08-20 12:41:01
req009256,2025-08-20 12:35:06
req002030,2025-08-20 10:34:14
req009329,2025-08-20 12:36:01
req008142,2025-08-20 12:16:02
req007226,2025-08-20 12:01:05
req000774,2025-08-20 10:13:37
req001228,2025-08-20 10:21:22
req004368,2025-08-20 11:13:12
req001395,2025-08-20 10:23:52
req005413,2025-08-20 11:31:09
req002265,2025-08-20 10:38:04
req008513,2025-08-20 12:22:42
req002096,2025-08-20 10:35:43
req007022,2025-08-20 11:57:14
req001678,2025-08-20 10:28:45
req005856,2025-08-20 11:37:42
req003116,2025-08-20 10:52:22
req001385,2025-08-20 10:23:21
req002507,2025-08-20 10:42:28
req006618,2025-08-20 11:50:55
req002237,2025-08-20 10:37:50
req007645,2025-08-20 12:08:07
req002190,2025-08-20 10:36:59
req000730,2025-08-20 10:12:45
req000870,2025-08-20 10:14:53
req009276,2025-08-20 12:35:25
req003014,2025-08-20 10:50:55
req005268,2025-08-20 11:28:46
req009657,2025-08-20 12:41:09
req000697,2025-08-20 10:12:19
req001572,2025-08-20 10:27:06
req006754,2025-08-20 11:52:53
req000454,2025-08-20 10:08:22
req003923,2025-08-20 11:06:04
req006233,2025-08-20 11:44:00
req008717,2025-08-20 12:25:32
req009666,2025-08-20 12:41:35
req005491,2025-08-20 11:32:27
req004747,2025-08-20 11:19:20
req009991,2025-08-20 12:46:50
req000455,2025-08-20 10:07:39
req004698,2025-08-20 11:18:33
req000835,2025-08-20 10:14:50
req005398,2025-08-20 11:30:52
req006086,2025-08-20 11:41:51
req004846,2025-08-20 11:21:18
req009010,2025-08-20 12:30:32
req006863,2025-08-20 11:54:56
req003577,2025-08-20 11:00:08
req008943,2025-08-20 12:29:27
req006393,2025-08-20 11:46:54
req008341,2025-08-20 12:19:45
req009872,2025-08-20 12:44:59
req002606,2025-08-20 10:43:55
req008870,2025-08-20 12:28:29
req000120,2025-08-20 10:02:46
req002084,2025-08-20 10:35:03
req003123,2025-08-20 10:52:58
req009057,2025-08-20 12:31:32
req007968,2025-08-20 12:12:53
req001663,2025-08-20 10:27:55
req004478,2025-08-20 11:14:59
req002268,2025-08-20 10:38:40
req002346,2025-08-20 10:39:58
req000275,2025-08-20 10:05:24
req008696,2025-08-20 12:25:44
req006195,2025-08-20 11:43:37
req006818,2025-08-20 11:54:36
req000098,2025-08-20 10:02:19
req002517,2025-08-20 10:42:12
req009412,2025-08-20 12:37:08
req001682,2025-08-20 10:28:40
req008458,2025-08-20 12:21:49
req008770,2025-08-20 12:27:06
req005090,2025-08-20 11:25:03
req004064,2025-08-20 11:08:09
req003583,2025-08-20 10:59:56
req004953,2025-08-20 11:23:26
req003205,2025-08-20 10:54:03
req007344,2025-08-20 12:03:12
req008828,2025-08-20 12:27:27
req004853,2025-08-20 11:21:32
req001712,2025-08-20 10:28:46
req007169,2025-08-20 11:59:49
req003380,2025-08-20 10:56:48
req008442,2025-08-20 12:20:46
req009103,2025-08-20 12:31:58
req006597,2025-08-20 11:50:03
req009794,2025-08-20 12:44:08
req001431,2025-08-20 10:24:03
req005598,2025-08-20 11:33:40
req008160,2025-08-20 12:16:22
req005923,2025-08-20 11:39:36
req009376,2025-08-20 12:36:39
req001148,2025-08-20 10:19:22
req003942,2025-08-20 11:06:09
req008406,2025-08-20 12:20:31
req007724,2025-08-20 12:08:48
req004582,2025-08-20 11:17:18
req005099,2025-08-20 11:25:46
req007184,2025-08-20 12:00:30
req005968,2025-08-20 11:39:41
req000287,2025-08-20 10:05:01
req001985,2025-08-20 10:33:16
req004175,2025-08-20 11:09:55
req009704,2025-08-20 12:41:53
req000881,2025-08-20 10:14:51
req004098,2025-08-20 11:08:52
req001984,2025-08-20 10:33:44
req009396,2025-08-20 12:36:43
req004506,2025-08-20 11:15:16
req008883,2025-08-20 12:28:22
req005797,2025-08-20 11:37:05
req004659,2025-08-20 11:18:18
req006523,2025-08-20 11:49:21
req004969,2025-08-20 11:23:06
req003088,2025-08-20 10:52:07
req008473,2025-08-20 12:22:09
req004096,2025-08-20 11:08:28
req000400,2025-08-20 10:06:54
req005796,2025-08-20 11:36:40
req008994,2025-08-20 12:30:06
req006292,2025-08-20 11:45:20
req008384,2025-08-20 12:20:27
req006266,2025-08-20 11:44:44
req009675,2025-08-20 12:41:42
req001890,2025-08-20 10:31:41
req007409,2025-08-20 12:04:24
req001056,2025-08-20 10:18:08
req006476,2025-08-20 11:48:06
req000568,2025-08-20 10:10:17
req001894,2025-08-20 10:31:55
req009418,2025-08-20 12:37:04
req000059,2025-08-20 10:01:49
req003281,2025-08-20 10:55:08
req004069,2025-08-20 11:08:12
req006277,2025-08-20 11:45:11
req003064,2025-08-20 10:51:33
req002256,2025-08-20 10:38:17
req008114,2025-08-20 12:16:04
req004817,2025-08-20 11:21:06
req005488,2025-08-20 11:32:14
req005617,2025-08-20 11:33:48
req009758,2025-08-20 12:43:13
req009957,2025-08-20 12:46:08
req005874,2025-08-20 11:38:02
req002612,2025-08-20 10:43:51
req009085,2025-08-20 12:31:55
req007248,2025-08-20 12:01:30
req009972,2025-08-20 12:46:16
req007210,2025-08-20 12:00:18
req008650,2025-08-20 12:24:16
req002119,2025-08-20 10:36:07
req007111,2025-08-20 11:59:26
req009258,2025-08-20 12:34:38
req008900,2025-08-20 12:28:56
req001145,2025-08-20 10:19:27
req002342,2025-08-20 10:39:09
req009883,2025-08-20 12:44:59
req004710,2025-08-20 11:19:24
req006767,2025-08-20 11:53:40
req006147,2025-08-20 11:43:13
req000777,2025-08-20 10:13:55
req002135,2025-08-20 10:36:04
req005592,2025-08-20 11:33:56
req007892,2025-08-20 12:12:06
req000413,2025-08-20 10:07:31
req002893,2025-08-20 10:48:32
req007199,2025-08-20 12:00:26
req003994,2025-08-20 11:07:30
req007092,2025-08-20 11:58:45
req007805,2025-08-20 12:11:02
req005010,2025-08-20 11:23:50
req009699,2025-08-20 12:41:55
req002300,2025-08-20 10:39:01
req000134,2025-08-20 10:02:24
req008144,2025-08-20 12:15:56
req001807,2025-08-20 10:30:31
req001561,2025-08-20 10:26:34
req009324,2025-08-20 12:36:04
req005574,2025-08-20 11:33:34
req005814,2025-08-20 11:37:19
req003796,2025-08-20 11:04:06
req004701,2025-08-20 11:18:55
req007702,2025-08-20 12:08:29
req007166,2025-08-20 11:59:39
req005484,2025-08-20 11:31:57
req005343,2025-08-20 11:29:36
req009081,2025-08-20 12:32:05
req000482,2025-08-20 10:08:12
req009170,2025-08-20 12:33:08
req001912,2025-08-20 10:32:14
req003124,2025-08-20 10:52:17
req006102,2025-08-20 11:42:24
req000970,2025-08-20 10:16:40
req004618,2025-08-20 11:17:04
req003695,2025-08-20 11:02:13
req006326,2025-08-20 11:46:21
req000119,2025-08-20 10:02:20
req000668,2025-08-20 10:11:35
req008206,2025-08-20 12:17:02
req002847,2025-08-20 10:48:14
req002712,2025-08-20 10:45:32
req002327,2025-08-20 10:39:07
req002247,2025-08-20 10:37:41
req007676,2025-08-20 12:08:16
req004121,2025-08-20 11:09:36
req000220,2025-08-20 10:04:32
req000490,2025-08-20 10:08:32
req001443,2025-08-20 10:24:13
req006212,2025-08-20 11:43:54
req005085,2025-08-20 11:25:22
req001711,2025-08-20 10:29:03
req004440,2025-08-20 11:14:33
req004040,2025-08-20 11:08:05
req008645,2025-08-20 12:24:37
req006110,2025-08-20 11:42:31
req001063,2025-08-20 10:18:34
req008283,2025-08-20 12:18:14
req006159,2025-08-20 11:42:46
req007488,2025-08-20 12:05:19
req001751,2025-08-20 10:30:06
req008604,2025-08-20 12:23:38
req004619,2025-08-20 11:17:20
req001588,2025-08-20 10:26:52
req005537,2025-08-20 11:33:07
req005094,2025-08-20 11:25:45
req001212,2025-08-20 10:20:55
req002178,2025-08-20 10:36:53
req009381,2025-08-20 12:36:41
req004664,2025-08-20 11:18:21
req007494,2025-08-20 12:05:14
req001982,2025-08-20 10:33:20
req002278,2025-08-20 10:38:21
req007308,2025-08-20 12:02:30
req000230,2025-08-20 10:04:04
req003862,2025-08-20 11:04:44
req009668,2025-08-20 12:41:43
req009290,2025-08-20 12:35:17
req004263,2025-08-20 11:11:12
req002727,2025-08-20 10:45:48
req007577,2025-08-20 12:07:01
req004833,2025-08-20 11:21:24
req004958,2025-08-20 11:22:54
req001515,2025-08-20 10:26:13
req005705,2025-08-20 11:35:34
req004914,2025-08-20 11:22:05
req003578,2025-08-20 11:00:07
req006138,2025-08-20 11:43:10
req006648,2025-08-20 11:51:05
req006179,2025-08-20 11:43:56
req002062,2025-08-20 10:35:06
req003735,2025-08-20 11:02:24
req008838,2025-08-20 12:27:37
req008477,2025-08-20 12:21:55
req001784,2025-08-20 10:30:21
req002218,2025-08-20 10:37:41
req006066,2025-08-20 11:41:36
req007688,2025-08-20 12:08:47
req004489,2025-08-20 11:15:04
req005616,2025-08-20 11:33:40
req005771,2025-08-20 11:36:43
req005511,2025-08-20 11:32:11
req000524,2025-08-20 10:09:05
req007110,2025-08-20 11:59:22
req007225,2025-08-20 12:00:44
req009473,2025-08-20 12:38:31
req000435,2025-08-20 10:07:27
req004836,2025-08-20 11:21:23
req004690,2025-08-20 11:18:52
req005018,2025-08-20 11:24:19
req006981,2025-08-20 11:57:07
req003295,2025-08-20 10:55:04
req004838,2025-08-20 11:21:07
req003277,2025-08-20 10:54:57
req003145,2025-08-20 10:52:52
req007553,2025-08-20 12:06:06
req003490,2025-08-20 10:58:45
req004419,2025-08-20 11:13:45
req002995,2025-08-20 10:50:17
req001167,2025-08-20 10:20:05
req000090,2025-08-20 10:02:00
req004235,2025-08-20 11:11:03
req009079,2025-08-20 12:31:43
req004785,2025-08-20 11:19:50
req001742,2025-08-20 10:29:25
req007819,2025-08-20 12:10:45
req002666,2025-08-20 10:45:02
req005994,2025-08-20 11:40:47
req003659,2025-08-20 11:01:10
req003131,2025-08-20 10:53:05
req007213,2025-08-20 12:00:53
req000692,2025-08-20 10:12:17
req002909,2025-08-20 10:49:02
req004651,2025-08-20 11:18:05
req002221,2025-08-20 10:37:45
req000453,2025-08-20 10:07:54
req000346,2025-08-20 10:06:20
req007725,2025-08-20 12:09:14
req003756,2025-08-20 11:03:03
req008958,2025-08-20 12:30:12
req004404,2025-08-20 11:13:32
req005400,2025-08-20 11:30:56
req000320,2025-08-20 10:05:34
req008902,2025-08-20 12:29:17
req002771,2025-08-20 10:46:38
req006069,2025-08-20 11:41:13
req002041,2025-08-20 10:34:16
req002512,2025-08-20 10:42:33
req001450,2025-08-20 10:24:36
req000125,2025-08-20 10:03:00
req004788,2025-08-20 11:20:35
req000446,2025-08-20 10:07:54
req004825,2025-08-20 11:20:40
req008366,2025-08-20 12:19:32
req007958,2025-08-20 12:13:05
req002971,2025-08-20 10:50:00
req002061,2025-08-20 10:34:39
req005501,2025-08-20 11:32:15
req006930,2025-08-20 11:56:16
req004571,2025-08-20 11:16:56
req007352,2025-08-20 12:02:56
req001469,2025-08-20 10:24:53
req004209,2025-08-20 11:11:07
req009534,2025-08-20 12:39:18
req003853,2025-08-20 11:05:11
req008049,2025-08-20 12:15:00
req004152,2025-08-20 11:09:40
req004137,2025-08-20 11:09:12
req001809,2025-08-20 10:31:00
req002169,2025-08-20 10:36:49
req002260,2025-08-20 10:38:01
req008261,2025-08-20 12:17:54
req002713,2025-08-20 10:45:22
req002075,2025-08-20 10:35:07
req006050,2025-08-20 11:41:22
req001849,2025-08-20 10:31:21
req006835,2025-08-20 11:54:44
req008181,2025-08-20 12:17:10
req001018,2025-08-20 10:17:10
req002189,2025-08-20 10:37:04
req008441,2025-08-20 12:21:32
req003773,2025-08-20 11:03:09
req000369,2025-08-20 10:06:58
req005456,2025-08-20 11:31:52
req008172,2025-08-20 12:16:26
req008860,2025-08-20 12:28:17
req006413,2025-08-20 11:47:50
req001128,2025-08-20 10:19:43
req003904,2025-08-20 11:05:59
req009040,2025-08-20 12:31:12
req008416,2025-08-20 12:21:10
req001207,2025-08-20 10:20:22
req000026,2025-08-20 10:01:18
req009491,2025-08-20 12:38:45
req001373,2025-08-20 10:23:37
req001599,2025-08-20 10:27:04
req009993,2025-08-20 12:47:02
req000018,2025-08-20 10:01:04
req003220,2025-08-20 10:53:55
req007490,2025-08-20 12:05:28
req000466,2025-08-20 10:08:38
req004981,2025-08-20 11:23:42
req003746,2025-08-20 11:02:33
req009571,2025-08-20 12:40:19
req007437,2025-08-20 12:04:49
req003979,2025-08-20 11:06:32
req003608,2025-08-20 11:01:03
req008368,2025-08-20 12:19:49
req006247,2025-08-20 11:44:56
req009182,2025-08-20 12:33:53
req000475,2025-08-20 10:08:17
req004315,2025-08-20 11:12:13
req002072,2025-08-20 10:34:58
req002835,2025-08-20 10:47:41
req006741,2025-08-20 11:52:45
req003930,2025-08-20 11:05:59
req004438,2025-08-20 11:14:46
req006301,2025-08-20 11:45:38
req007539,2025-08-20 12:06:23
req000883,2025-08-20 10:14:59
req007754,2025-08-20 12:09:42
req009825,2025-08-20 12:44:42
req009893,2025-08-20 12:45:40
req009356,2025-08-20 12:36:32
req006761,2025-08-20 11:53:12
req009803,2025-08-20 12:43:39
req007121,2025-08-20 11:59:38
req003265,2025-08-20 10:54:55
req005720,2025-08-20 11:35:31
req009850,2025-08-20 12:44:49
req001782,2025-08-20 10:30:39
req004410,2025-08-20 11:14:16
req008137,2025-08-20 12:15:46
req008787,2025-08-20 12:26:43
req003629,2025-08-20 11:00:52
req007673,2025-08-20 12:08:51
req009630,2025-08-20 12:40:38
req009800,2025-08-20 12:44:08
req004781,2025-08-20 11:20:11
req006101,2025-08-20 11:42:33
req007180,2025-08-20 12:00:34
req007858,2025-08-20 12:11:20
req000273,2025-08-20 10:04:37
req005417,2025-08-20 11:30:24
req005161,2025-08-20 11:26:06
req004144,2025-08-20 11:09:51
req003694,2025-08-20 11:02:03
req004751,2025-08-20 11:19:47
req009000,2025-08-20 12:30:47
req008738,2025-08-20 12:26:26
req000618,2025-08-20 10:10:59
req004502,2025-08-20 11:15:12
req003154,2025-08-20 10:53:06
req003486,2025-08-20 10:59:01
req002023,2025-08-20 10:33:51
req008348,2025-08-20 12:19:20
req006939,2025-08-20 11:55:55
req004894,2025-08-20 11:22:23
req006045,2025-08-20 11:41:28
req008146,2025-08-20 12:16:37
req004565,2025-08-20 11:16:54
req006647,2025-08-20 11:51:19
req000114,2025-08-20 10:02:15
req005995,2025-08-20 11:40:28
req004529,2025-08-20 11:15:42
req008143,2025-08-20 12:16:05
req000606,2025-08-20 10:10:57
req008326,2025-08-20 12:18:58
req008162,2025-08-20 12:16:26
req006302,2025-08-20 11:45:06
req000861,2025-08-20 10:15:05
req007554,2025-08-20 12:06:23
req004956,2025-08-20 11:22:53
req003315,2025-08-20 10:55:57
req008566,2025-08-20 12:23:18
req006636,2025-08-20 11:51:34
req006682,2025-08-20 11:52:08
req003909,2025-08-20 11:06:04
req007888,2025-08-20 12:11:38
req004277,2025-08-20 11:11:44
req009829,2025-08-20 12:44:19
req007798,2025-08-20 12:10:43
req003802,2025-08-20 11:04:16
req004665,2025-08-20 11:17:50
req004050,2025-08-20 11:07:35
req002147,2025-08-20 10:36:45
req001298,2025-08-20 10:21:57
